{
  "project_info": {
    "project_number": "220483426010",
    "project_id": "ridinghelper-594e2",
    "storage_bucket": "ridinghelper-594e2.appspot.com"
  },
  "client": [
    {
      "client_info": {
        "mobilesdk_app_id": "1:220483426010:android:7f16aa09ca2dc655f7f7e3",
        "android_client_info": {
          "package_name": "com.test.riding_helper"
        }
      },
      "oauth_client": [
        {
          "client_id": "220483426010-b9e61egmgnfs8ck5cl1kec6eta6r87pm.apps.googleusercontent.com",
          "client_type": 1,
          "android_info": {
            "package_name": "com.test.riding_helper",
            "certificate_hash": "add87b08cadb3e7c7338676e7585929171cede39"
          }
        },
        {
          "client_id": "220483426010-f8o5eb909ia4gpiok1r448b4tg2mcj6b.apps.googleusercontent.com",
          "client_type": 3
        }
      ],
      "api_key": [
        {
          "current_key": "AIzaSyAVCPxtAhhyTbJw4l5ZT-n77eU-u4uMk84"
        }
      ],
      "services": {
        "appinvite_service": {
          "other_platform_oauth_client": [
            {
              "client_id": "220483426010-f8o5eb909ia4gpiok1r448b4tg2mcj6b.apps.googleusercontent.com",
              "client_type": 3
            }
          ]
        }
      }
    }
  ],
  "configuration_version": "1"
}